{"norm_dict": {"worldstrat_preprocessed_RGBNIR": {"mean": {"0": 0.4515023422730007, "1": 0.458135386246737, "2": 0.49122133787934946, "3": 0.48199782053417983}, "std": {"0": 0.24905632342016146, "1": 0.246897183676624, "2": 0.23570857180229085, "3": 0.2949916388127644}}, "coco_dataset": {"mean": {"0": -0.016234415187390987, "1": -0.10260109251599875, "2": -0.20688162412423874, "3": -0.09285194922633586}, "std": {"0": 0.4532171691436041, "1": 0.4447584730804386, "2": 0.4439490385801834, "3": 0.433084510790304}}, "s2_dataset": {"mean": {"0": -0.6760940516809514, "1": -0.6412535701655224, "2": -0.6345723215473932, "3": -0.35437836621961266}, "std": {"0": 0.06021591562137939, "1": 0.06672263282153638, "2": 0.08424951671368355, "3": 0.1286610014634748}}, "S2NAIP": {"mean": {"0": -0.7383498348772526, "1": -0.7252872248232365, "2": -0.7637851044356823, "3": -0.6586044501721859}, "std": {"0": 0.0726721865855623, "1": 0.06286528447978199, "2": 0.050181950839143244, "3": 0.07026348426636543}}}}